Иванов А.Ю.;idsao;8ujadsk
Дмитрий Ф.А.;dsa;2eajidsu
Иванов А.Ю.;idыsao;8ujadsk
Дмитрий Ф.А.;dsыa;2eajidsu
Иванов А.Ю.;idsвao;8ujadsk
Дмитрий Ф.А.;dsaв;2eajidsu
Иванов А.Ю.;idывsao;8ujadsk
Дмитрий Ф.А.;dsыыыa;2eajidsu
Иванов А.Ю.;idsaфo;8ujadsk
Дмитрий Ф.А.;dsaфвфы;2eajidsu
Иванов А.Ю.;idыsвao;8ujadsk
Дмитрий Ф.А.;dsыфaфв;2eajidsu
Иванов А.Ю.;idsвфao;8ujadsk
Дмитрий Ф.А.;dsaцфв;2eajidsu
Иванов А.Ю.;idывфsфыao;8ujadsk
Дмитрий Ф.А.;dsыычяa;2eajidsu
Иванов А.Ю.;idsфавao;8ujadsk
Дмитрий Ф.А.;dsaавфы;2eajidsu
Иванов А.Ю.;idыsaавыфафo;8ujadsk
Дмитрий Ф.А.;dавыфsыa;2eajidsu
Иванов А.Ю.;idsвaфваo;8ujadsk
Дмитрий Ф.А.;dsaвавф;2eajidsu
Иванов А.Ю.;idывsaфвпмсo;8ujadsk
Дмитрий Ф.А.;dsыыавфыa;2eajidsu
Иванов А.Ю.;idsaфoся;8ujadsk
Дмитрий Ф.А.;dsaфвсяфы;2eajidsu
Иванов А.Ю.;idыsавфвao;8ujadsk
Дмитрий Ф.А.;dsыфафвaфв;2eajidsu
Иванов А.Ю.;idsвафвсчяфao;8ujadsk
Дмитрий Ф.А.;dsaфавмс цфв;2eajidsu
Иванов А.Ю.;idывафс фsфыao;8ujadsk
Дмитрий Ф.А.;dsыас вяычяa;2eajidsu